Peptide	Charge	Type	NCE
AAAAAAAAAVSR	2	HCD	25
AAGAAESEEDFLR	2	HCD	25
AAPAPTASSTININTSTSK	2	HCD	25
AAYDILR	2	HCD	25
ADPEETILNAFK	2	HCD	25
AEEVFEVK	2	HCD	25
AEQALPVASEEEQER	2	HCD	25
AFGRPILLSSTFR	2	HCD	25
AFSHFSALR	2	HCD	25
AGCILCGYLK	2	HCD	25
AGNEQSVHQYTISK	2	HCD	25
AHSLLSQSSK	2	HCD	25
AIPNGFGTSPLTPSAR	2	HCD	25
ALALAPGPPTR	2	HCD	25
ALEVSQAPVIFSHSAAR	2	HCD	25
ALLEFLRK	2	HCD	25
ALQLVQFDCSPELFKK	2	HCD	25
ALWSKEQK	2	HCD	25
APAAHPEGQLK	2	HCD	25
APPATETPGPEK	2	HCD	25
AQEVQWYK	2	HCD	25
AQYVVLLR	2	HCD	25
ASIAIDNGR	2	HCD	25
ASTVSSVVSTAEEIFAIAK	2	HCD	25
ATLPDADK	2	HCD	25
AVEEELEK	2	HCD	25
AVLWRYK	2	HCD	25
AWGQLGAEAR	2	HCD	25
CEAPCPEDWLLYGR	2	HCD	25
CSAECGTGIQR	2	HCD	25
DAISLAIK	2	HCD	25
DCYFEFRA	2	HCD	25
DEINDALINQK	2	HCD	25
DFLLSDK	2	HCD	25
DGHSESSTLIGR	2	HCD	25
DHIFSFDLVNIK	2	HCD	25
DILKLHSR	2	HCD	25
DKPHVNVEYGK	2	HCD	25
DLGLGVGELATRGAR	2	HCD	25
DLPLLLFR	2	HCD	25
DMGLFLSLIEKR	2	HCD	25
DPGHVVEQLSR	2	HCD	25
DQPFTILYR	2	HCD	25
DSGSSSVFAESPGGK	2	HCD	25
DTAEGTNEDRGVGQ	2	HCD	25
DVCLSSAQQPGRR	2	HCD	25
DVSQELDPDLYK	2	HCD	25
DYSDSTNPGPPK	2	HCD	25
EAFYRHLLNVTWEGR	2	HCD	25
EAQEQEFLSLQEEFQK	2	HCD	25
EDACIFSRLFSEK	2	HCD	25
EDVTPPLSPDDLK	2	HCD	25
EEKQDVDVDLSAK	2	HCD	25
EEVYTCK	2	HCD	25
EFYRPIPNPNPK	2	HCD	25
EGNLIAIFHEEHSR	2	HCD	25
EHYHATALGAK	2	HCD	25
EINFEELLK	2	HCD	25
EKPFKYDECC	2	HCD	25
ELEPGDGPIAVIVCPTR	2	HCD	25
ELLEQVAEFEK	2	HCD	25
ELSACFSR	2	HCD	25
EMQLHR	2	HCD	25
ENVLMHSSILAPER	2	HCD	25
EPWLEEEEVLGSGR	2	HCD	25
EQSILSPSPYEGYR	2	HCD	25
ESGETGLEYLYLDSTTR	2	HCD	25
ESVFTNERFPLR	2	HCD	25
ETSDSSLVCSR	2	HCD	25
EVIIAKDEVAHTVTESR	2	HCD	25
EVVPLPQQVLCLK	2	HCD	25
FADAFDHHK	2	HCD	25
FCNTTCLGAYK	2	HCD	25
FEEKCGDNGSIVGR	2	HCD	25
FFQMVGLK	2	HCD	25
FGTGGAAVPEK	2	HCD	25
FIPEITISDILR	2	HCD	25
FLENPDLSQTEEK	2	HCD	25
FLQFAYFK	2	HCD	25
FNQHSVSYQDLTK	2	HCD	25
FQDSSVFNETLR	2	HCD	25
FSDVILATILATK	2	HCD	25
FSYFALIGMRDGK	2	HCD	25
FVEDIQHDLTYNLR	2	HCD	25
FYGEPVIK	2	HCD	25
GAGIGGLGITVEGPSESK	2	HCD	25
GAVPLEMLEIALR	2	HCD	25
GDNSTCKFYK	2	HCD	25
GELAPELGEEPQPR	2	HCD	25
GFFWSTVPGAGR	2	HCD	25
GFYSAKSFQTHEK	2	HCD	25
GGSAPPDSSWR	2	HCD	25
GIGNYSCSYR	2	HCD	25
GKLGLEPR	2	HCD	25
GLHAITDR	2	HCD	25
GLSESEEAFR	2	HCD	25
GNLPCEDLR	2	HCD	25
GPLDAATAR	2	HCD	25
GQEGIRGEGCTDPEIK	2	HCD	25
GSAEAAEDDEIR	2	HCD	25
GSPGFPGMPGPPGQPGPR	2	HCD	25
GTIQTGVDTTK	2	HCD	25
GVFPPLLEK	2	HCD	25
GVYVPYTQGK	2	HCD	25
HAEAGDCPEILR	2	HCD	25
HFCPNVPIILVANK	2	HCD	25
HICDANKEGMFLFR	2	HCD	25
HLPALELWK	2	HCD	25
HPSTLPVISDAR	2	HCD	25
HTEVETVDLVLK	2	HCD	25
HYTGPGDQTVNPQNGFVR	2	HCD	25
IAQGDSISYEEFK	2	HCD	25
IDGQDISQVTQASLR	2	HCD	25
IEEVSDTSSLQPQASLK	2	HCD	25
IFDVDKDDQLSYK	2	HCD	25
IGCKVLSFIR	2	HCD	25
IGYPDDIVSNDNK	2	HCD	25
IIFIIGGPGSGK	2	HCD	25
IKDEEEETVFR	2	HCD	25
ILENIIQTVR	2	HCD	25
ILNSPVSLAR	2	HCD	25
ILYNPLQGQK	2	HCD	25
IPAQDVLFSVVEEER	2	HCD	25
IPVFQEK	2	HCD	25
IQQLTDIHR	2	HCD	25
ISGQEVNEAACDIAR	2	HCD	25
ISYPSLHEEALGEEK	2	HCD	25
ITVGVDGSVYK	2	HCD	25
IVPKLIQNWK	2	HCD	25
IYNSILMFR	2	HCD	25
KDISNYQVEQAQVLLK	2	HCD	25
KGEEVTPISAIR	2	HCD	25
KLEAPATDNSDGSSSEDNR	2	HCD	25
KNSIPTSEQLTEQER	2	HCD	25
KQPTPQPPVDCVK	2	HCD	25
KVQQSFETPR	2	HCD	25
LADLVER	2	HCD	25
LALADVVSARLALSR	2	HCD	25
LASLGDTASPLVK	2	HCD	25
LCPGQTLPLFFTAK	2	HCD	25
LDIQLPIISDDFK	2	HCD	25
LEAAGESLEEEIRR	2	HCD	25
LEESLSIINEK	2	HCD	25
LENITTGTYTIHAQK	2	HCD	25
LEVINSFLTDASQGR	2	HCD	25
LFLFHTSLPIAEAPGK	2	HCD	25
LFWGIFDSLSHK	2	HCD	25
LGGLYTQSLAR	2	HCD	25
LGQVSALPLPPAMK	2	HCD	25
LHLYPKEWTL	2	HCD	25
LIHPDEDISLEER	2	HCD	25
LIVPFCGHIK	2	HCD	25
LLAAGFDNSCIK	2	HCD	25
LLDWALR	2	HCD	25
LLGEIVK	2	HCD	25
LLLGSNQNEIVSLK	2	HCD	25
LLPQVLLMRWPLDK	2	HCD	25
LLSSGAFSAGCIPCGTSK	2	HCD	25
LMKAYCEPR	2	HCD	25
LNQALLDLHALGSAR	2	HCD	25
LPEVQLLK	2	HCD	25
LPQDALAAGPR	2	HCD	25
LQARSSTVGNQYYFR	2	HCD	25
LQGSSVTVSTEDGLLK	2	HCD	25
LQSLPEGSLGR	2	HCD	25
LSCASVKSQGR	2	HCD	25
LSHWVDIALK	2	HCD	25
LSQEEQVR	2	HCD	25
LSYVLGQPGLSLDVRK	2	HCD	25
LTLPGDKNRLK	2	HCD	25
LVAASVPAR	2	HCD	25
LVIVDGIAFPFR	2	HCD	25
LVSSENFEDYMK	2	HCD	25
LYDVVAVFPK	2	HCD	25
LYTGKPNLVNGLQAR	2	HCD	25
MAVDDFNLK	2	HCD	25
MEMEMEQVFEMKVK	2	HCD	25
MGTYSTILIK	2	HCD	25
MLLVAGSAASGNNHR	2	HCD	25
MPSTTAISSNISSPVTVR	2	HCD	25
MTLAASSQR	2	HCD	25
NAESDQQGVAQGIITGIR	2	HCD	25
NDESSFMNEEENK	2	HCD	25
NETLALPAESK	2	HCD	25
NGFYTTNAHAR	2	HCD	25
NIIGLLNVFTPQK	2	HCD	25
NKPTAIVAK	2	HCD	25
NLIVIRAPK	2	HCD	25
NLVFLGILPK	2	HCD	25
NPEDDGCLLKQGPR	2	HCD	25
NQQVKQALR	2	HCD	25
NSQVYGAVAER	2	HCD	25
NTYLPEVSYQFPK	2	HCD	25
NVTVTLK	2	HCD	25
PAPAATYER	2	HCD	25
PFLYVVGRK	2	HCD	25
PLGLLGKK	2	HCD	25
PRGPDEDEEETAAAPGSR	2	HCD	25
PVSFFTNLLFCDDRK	2	HCD	25
QALEEKASALR	2	HCD	25
QEEPQLSPENEAR	2	HCD	25
QGPEESGLGDGTGPK	2	HCD	25
QLDSLTAR	2	HCD	25
QLTNPYGSWR	2	HCD	25
QQLQFNLQNTR	2	HCD	25
QTNQTPPTYNK	2	HCD	25
RADPDQLFSDLLGGTQR	2	HCD	25
RGDLQIYLVSPSGTK	2	HCD	25
RNAVEVLK	2	HCD	25
RSMDPIDPQQAVSK	2	HCD	25
SAEEAPLYSK	2	HCD	25
SAQFFNYK	2	HCD	25
SCVLGSNAENKPIK	2	HCD	25
SDVLLGTAALDIYETLK	2	HCD	25
SELSDGIAILVGSNDR	2	HCD	25
SFEKCLPPNLDLLK	2	HCD	25
SFSSPSLCSLNTLLAGTSR	2	HCD	25
SGKLLQVGYTPDGK	2	HCD	25
SHFIPTLEKLK	2	HCD	25
SIIPLPHPVRPEDIE	2	HCD	25
SKNPDDLQEANK	2	HCD	25
SLEFLDLSTNR	2	HCD	25
SLKSVMDEFGISK	2	HCD	25
SLQQLAKPQSVFK	2	HCD	25
SMAGYYQESGR	2	HCD	25
SNVLSVEEGEGLR	2	HCD	25
SPLAGDFITMQCR	2	HCD	25
SPVCSCESASPCPK	2	HCD	25
SQNPEHYVQVLK	2	HCD	25
SSAVQQLLEK	2	HCD	25
SSLLGSTSDSNLNK	2	HCD	25
SSSVLDSSLDHR	2	HCD	25
STLEYSNERLK	2	HCD	25
SVDVLNTTPR	2	HCD	25
SVSEDCEVAGYR	2	HCD	25
SYGSLVQSACSPVR	2	HCD	25
TAGFTDDVGAFHK	2	HCD	25
TCLSLSDR	2	HCD	25
TEDFGLDVPAFR	2	HCD	25
TEVETQQVMR	2	HCD	25
TFSYNSKLIR	2	HCD	25
TGPFEDLKENLIR	2	HCD	25
TIEMDTQFTIR	2	HCD	25
TKLEEALSPEVLELR	2	HCD	25
TLGGVIFR	2	HCD	25
TLQEFLER	2	HCD	25
TNEDQSDQLVWR	2	HCD	25
TPIQVLHEYGMK	2	HCD	25
TQETDVVEMTTQAK	2	HCD	25
TSFSDPGVIPR	2	HCD	25
TSVGPVIQK	2	HCD	25
TTVIENGEIR	2	HCD	25
TVMLDTFSSAPVPQHER	2	HCD	25
TYEIFETSDGR	2	HCD	25
VAELVHFLLHK	2	HCD	25
VAQNPFSIQVIR	2	HCD	25
VDDGSELSSASK	2	HCD	25
VEAALNENTCR	2	HCD	25
VENFTVSFSDGR	2	HCD	25
VFIASSSGFVAIK	2	HCD	25
VGASRYFGK	2	HCD	25
VGQVGYVPEK	2	HCD	25
VIDYILHGK	2	HCD	25
VITFANQDDYISFR	2	HCD	25
VLDEQIQER	2	HCD	25
VLGSPEEVLDR	2	HCD	25
VLPGGGAHGSTR	2	HCD	25
VLVLEQHTK	2	HCD	25
VNNLFNTQAR	2	HCD	25
VPLDPLIGK	2	HCD	25
VQEEFDIDMDAPETER	2	HCD	25
VRLFTDWR	2	HCD	25
VSLATVDK	2	HCD	25
VTAPEAQAKPSAAR	2	HCD	25
VTQLANDLAAQK	2	HCD	25
VVFLIDSFK	2	HCD	25
VVSNTIEPLTLFHK	2	HCD	25
VYKPCFVCNDK	2	HCD	25
WEPPAGTAEDQVLGYR	2	HCD	25
WMKQDPR	2	HCD	25
WWAGPTGGSKDR	2	HCD	25
YDAQESQVSLDGR	2	HCD	25
YENDPELEK	2	HCD	25
YGAPSSADLGLGK	2	HCD	25
YHFLFGYPK	2	HCD	25
YKDILPYDYSR	2	HCD	25
YLIPNATQPESK	2	HCD	25
YMAPEVLDESLNK	2	HCD	25
YPNSLDTTSWAWR	2	HCD	25
YSDLVPTGVPHAVTTDTK	2	HCD	25